Name,R.T. (min),Similarity,Formula,Area,Peak S/N,Base Mass,Area_percent,SMILES,PubChem_CID
Butanoic acid,7.03282,804.0,C4H8O2,814602,155,60.06,0.09335122541661363,CCCC(=O)O,264.0
"1,2-Hydrazinedicarboxaldehyde",7.05605,722.0,C2H4N2O2,814602,36,60.06,0.09335122541661363,C(=O)NNC=O,12342.0
L-Glutamine tert-butyl ester,7.17222,682.0,C9H18N2O3,812714,23,44.07,0.09313486563160628,,
Hexanoic acid,7.23687,912.0,C6H12O2,62330432,3442,60.06,7.142901942233026,CCCCCC(=O)O,8892.0
"1,3-Dioxolane-2-methanol",7.24332,786.0,C4H8O3,2744983,72,73.06,0.31456776044960894,C1COC(O1)CO,294864.0
"Propanoic acid, 2-methyl-, 3-methylbutyl ester",7.30671,812.0,C9H18O2,3350355,217,70.11,0.3839417836325943,CC(C)CCOC(=O)C(C)C,519786.0
"Benzene, 1-methyl-3-(1-methylethyl)-",7.59482,884.0,C10H14,6908755,343,119.12,0.7917249716464684,CC1=CC(=CC=C1)C(C)C,10812.0
D-Limonene,7.69964,874.0,C10H16,2456632,408,68.1,0.2815235017808284,CC1=CCC(CC1)C(=C)C,440917.0
"1,3-Cyclohexanedione, 2,2,5,5-tetramethyl-",7.95651,621.0,C10H16O2,349454,32,83.07,0.04004650016417502,CC1(CC(=O)C(C(=O)C1)(C)C)C,69706.0
Benzeneacetaldehyde,8.01326,849.0,C8H8O,5094950,641,91.08,0.5838677365589278,C1=CC=C(C=C1)CC=O,998.0
Benzyl alcohol,8.07814,879.0,C7H8O,4435444,378,79.09,0.5082901007691687,C1=CC=C(C=C1)CO,244.0
"Propanoic acid, 2-methyl-, ethyl ester",8.10057,761.0,C6H12O2,1420140,239,71.09,0.16274427175866213,CCOC(=O)C(C)C,7342.0
"Benzene, n-butyl-",8.17602,792.0,C10H14,3098399,335,91.08,0.3550682952897369,CCCCC1=CC=CC=C1,7705.0
a-Phellandrene,8.19284,651.0,C10H16,1014243,125,93.1,0.11622955372098578,CC1=CCC(C=C1)C(C)C,7460.0
"Propanoic acid, 2-methyl-, ethyl ester",8.22134,812.0,C6H12O2,5867829,974,71.09,0.6724376170020974,CCOC(=O)C(C)C,7342.0
"Ethaneperoxoic acid, 1-cyano-4,4-dimethyl-1-phenylpentyl ester",8.40917,704.0,C16H21NO3,378450,22,105.06,0.043369364743663076,CC(=O)OOC(CCC(C)(C)C)(C#N)C1=CC=CC=C1,570797.0
"Butanoic acid, anhydride",8.42881,850.0,C8H14O3,465496,19,71.07,0.053344605128064965,CCCC(=O)OC(=O)CCC,7798.0
Dihydro-3-methylene-5-methyl-2-furanone,8.59638,875.0,C6H8O2,6236537,1411,68.06,0.71469057442291,CC1CC(=C)C(=O)O1,99939.0
2-Nonanone,8.71488,869.0,C9H18O,1201519,246,58.08,0.13769088586984096,CCCCCCCC(=O)C,13187.0
"2-Azetidinone, 1-tert-butyl-3,3-dimethyl-4-phenyl-",8.76172,712.0,C15H21NO,225288,24,117.1,0.025817406379628396,CC1(C(N(C1=O)C(C)(C)C)C2=CC=CC=C2)C,583385.0
"2,5-Dihydroxybenzaldehyde, 2TMS derivative",8.78919,673.0,C13H22O3Si2,728508,147,267.06,0.08348508170346546,C[Si](C)(C)OC1=CC(=C(C=C1)O[Si](C)(C)C)C=O,622536.0
"Butanoic acid, (tetrahydro-2-furanyl)methyl ester",8.81337,710.0,C9H16O3,307944,15,71.07,0.03528956442495067,CCCC(=O)OCC1CCCO1,551316.0
"Cyanic acid, 1-methylethyl ester",8.91303,683.0,C4H7NO,650262,115,70.1,0.07451829794409787,CC(C)OC#N,550695.0
Ethyl 2-isocyanatopropionate,8.95011,812.0,C6H9NO3,2144354,88,70.11,0.24573727246804833,CCOC(=O)C(C)N=C=O,550681.0
Nonanal,8.95443,925.0,C9H18O,3047131,263,57.1,0.349193118670162,CCCCCCCCC=O,31289.0
"Bicyclo[2.2.1]heptane, 7,7-dimethyl-2-methylene-",8.97862,619.0,C10H16,228019,23,93.1,0.026130371725420296,CC1(C2CCC1C(=C)C2)C,28930.0
"Propanoic acid, 2-methyl-, ethyl ester",9.03539,795.0,C6H12O2,700372,80,71.08,0.08026077083960576,CCOC(=O)C(C)C,7342.0
"2H-Pyran-2-one, tetrahydro-4-methyl-",9.07908,752.0,C6H10O2,890458,42,55.11,0.1020441215244094,CC1CCOC(=O)C1,79142.0
"Pyrrolidine-1-acetonitrile, 2,5-dioxo-",9.12531,607.0,C6H6N2O2,185806,56,56.1,0.021292874053536956,C1CC(=O)N(C1=O)CC#N,544954.0
"Silane, dimethyl(dimethyl(dimethyl(2-isopropylphenoxy)silyloxy)silyloxy)(2-isopropylphenoxy)-",9.29244,694.0,C24H40O4Si3,91766,37,341.09,0.010516139846920295,CC(C)C1=CC=CC=C1O[Si](C)(C)O[Si](C)(C)O[Si](C)(C)OC2=CC=CC=C2C(C)C,91743286.0
Phenylethyl Alcohol,9.32492,952.0,C8H10O,64556600,7911,91.08,7.398014881782957,C1=CC=C(C=C1)CCO,6054.0
"Benzene, 4-ethenyl-1,2-dimethyl-",9.35677,800.0,C10H12,898904,166,117.1,0.10301201068975481,CC1=C(C=C(C=C1)C=C)C,33937.0
"Cyclopentasiloxane, decamethyl-",9.40623,865.0,C10H30O5Si5,2042827,230,73.08,0.23410254794874624,C[Si]1(O[Si](O[Si](O[Si](O[Si](O1)(C)C)(C)C)(C)C)(C)C)C,10913.0
"1-Pentene, 4,4-dimethyl-1,3-diphenyl-1-(trimethylsilyloxy)-",9.54157,766.0,C22H30OSi,38335,12,281.19,0.004393089172805718,CC(C)(C)C(C=C(C1=CC=CC=C1)O[Si](C)(C)C)C2=CC=CC=C2,5378121.0
Succinimide,9.67912,617.0,C4H5NO2,196696,67,56.1,0.022540839127016918,C1CC(=O)NC1=O,11439.0
"Propanoic acid, 2-methyl-, propyl ester",9.76674,842.0,C7H14O2,242917,31,89.09,0.02783764295266588,CCCOC(=O)C(C)C,12571.0
"Disulfide, bis(3-fluorobenzyl)",9.77807,613.0,C14H12F2S2,125778,25,109.12,0.01441382470267791,,
"Benzene, (methylenecyclopropyl)-",9.84003,680.0,C10H10,56786,14,128.09,0.006507524762408909,C=C1CC1C2=CC=CC=C2,141510.0
"Benzene, pentyl-",9.85914,901.0,C11H16,2035324,250,91.08,0.23324272407856073,CCCCCC1=CC=CC=C1,10864.0
"1-Decene, 8-methyl-",9.87969,729.0,C11H22,198154,27,70.08,0.0227079220542101,CCC(C)CCCCCC=C,521957.0
"1,4-Butanediamine",10.0115,638.0,C4H12N2,389381,91,71.08,0.044622028308236944,C(CCN)CN,1045.0
"Propanoic acid, ethenyl ester",10.0279,910.0,C5H8O2,189324,16,57.07,0.021696027508863173,CCC(=O)OC=C,7750.0
"Benzoic acid, ethyl ester",10.0962,838.0,C9H10O2,257844,43,105.06,0.029548237502880333,CCOC(=O)C1=CC=CC=C1,7165.0
Dehydromevalonic lactone,10.1145,909.0,C6H8O2,3267163,471,82.07,0.3744082014110199,CC1=CC(=O)OCC1,557445.0
Terpinen-4-ol,10.2829,901.0,C10H18O,11257359,1617,71.09,1.2900634390840486,CC1=CCC(CC1)(C(C)C)O,11230.0
2-Heptanone,10.3559,798.0,C7H14O,287184,56,58.08,0.03291052356861973,CCCCCC(=O)C,8051.0
"2-Ethyl-6-phenyl-1,3,4-thiadiazolo(3,2-a)(1,3,5)-triazine-5,7-dione",10.3888,729.0,C12H10N4O2S,222227,25,119.08,0.025466623910397713,CCC1=NN2C(=NC(=O)N(C2=O)C3=CC=CC=C3)S1,576928.0
"Phenol, 4-ethyl-",10.4117,782.0,C8H10O,1729145,340,107.08,0.19815542396533567,CCC1=CC=C(C=C1)O,31242.0
"Octane, 2,7-dimethyl-",10.4816,808.0,C10H22,347698,35,57.11,0.039845267228543174,CC(C)CCCCC(C)C,14070.0
Decanal,10.5859,859.0,C10H20O,246362,33,57.1,0.028232430801898065,CCCCCCCCCC=O,8175.0
Furfurylmethylamphetamine,10.7826,779.0,C15H19NO,347457,60,81.07,0.039817649268698484,CC(CC1=CC=CC=C1)N(C)CC2=CC=CO2,26762.0
"2-Oxetanone, 4-methylene-",10.8191,860.0,C4H4O2,293613,34,56.08,0.03364726989161355,C=C1CC(=O)O1,12661.0
"3,5-Diamino-1,2,4-triazole",10.8337,655.0,C2H5N5,90407,22,99.11,0.010360402056758746,C1(=NC(=NN1)N)N,15078.0
"5-Amino-1-methyl-1H-pyrazole-4-carboxamide, 3TMS",10.894,617.0,C14H32N4OSi3,87387,42,341.1,0.010014318078621971,,
"Benzene, 1-pentenyl-",10.9233,821.0,C11H14,400751,78,117.1,0.04592500010671877,CCCC=CC1=CC=CC=C1,5370618.0
"Cyclopentadecanone, 4-methyl-",10.9415,690.0,C16H30O,383988,118,71.09,0.04400400483337217,CC1CCCCCCCCCCCC(=O)CC1,118194.0
"Thiophene, 2,3-dihydro-",11.0397,758.0,C4H6S,3605843,1071,85.06,0.4132200297935904,C1CSC=C1,136880.0
"Ethanol, 2-phenoxy-",11.0722,867.0,C8H10O2,897577,232,94.07,0.1028599400145934,C1=CC=C(C=C1)OCCO,31236.0
Furan-3-ylethynyltrimethylsilane,11.1209,738.0,C9H12OSi,119092,41,149.13,0.01364762686233934,C[Si](C)(C)C#CC1=COC=C1,16217672.0
3-Phenylpropanol,11.1529,907.0,C9H12O,3465885,570,91.08,0.3971812147564822,C1=CC=C(C=C1)CCCO,31234.0
1-Piperidinamine,11.1696,712.0,C5H12N2,1479671,461,100.08,0.16956636622967547,C1CCN(CC1)N,16658.0
3-Octanone,11.2148,656.0,C8H16O,192584,43,85.06,0.022069614849500884,CCCCCC(=O)CC,246728.0
"Cyclohexanol, 1-ethenyl-",11.2312,671.0,C8H14O,323596,63,70.08,0.0370832420493867,C=CC1(CCCCC1)O,74741.0
"1,2,4-Benzenetricarboxylic acid, 1,2-dimethyl ester",11.3353,722.0,C11H10O6,362577,17,207.07,0.041550361106257434,COC(=O)C1=C(C=C(C=C1)C(=O)O)C(=O)OC,610016.0
"1H-Pyrrole-2,5-dione, 3-ethyl-4-methyl-",11.3645,613.0,C7H9NO2,157959,41,67.1,0.01810168182202213,CCC1=C(C(=O)NC1=O)C,29995.0
"2,6-Octadiene-4,5-diol, 3,6-dimethyl-",11.3749,627.0,C10H18O2,1048848,321,85.06,0.12019519480158944,CC=C(C)C(C(C(=CC)C)O)O,5362856.0
"Oxirane, (methoxymethyl)-",11.3751,633.0,C4H8O2,1218947,43,45.07,0.13968808837678393,COCC1CO1,13589.0
"Furan, 2-butyltetrahydro-",11.4065,757.0,C8H16O,412184,32,71.09,0.0472351915378571,CCCCC1CCCO1,13861.0
"2-Decenal, (Z)-",11.4491,879.0,C10H18O,1876973,399,55.09,0.21509612009778706,CCCCCCCC=CC=O,5354834.0
2-Methoxybenzyl alcohol,11.5959,835.0,C8H10O2,338287,99,77.07,0.03876679162647523,COC1=CC=CC=C1CO,69154.0
"2-Methylbenzoic acid, 2,4-dichloronaphthyl-1 ester",11.7396,714.0,C18H12Cl2O2,211049,27,119.11,0.02418565480191663,CC1=CC=CC=C1C(=O)OC2=C(C=C(C3=CC=CC=C32)Cl)Cl,91710400.0
"Phenol, 4-ethyl-2-methoxy-",11.7563,860.0,C9H12O2,1754077,518,137.1,0.2010125649398079,CCC1=CC(=C(C=C1)O)OC,62465.0
"Furan, 2,3-dihydro-",11.8424,840.0,C4H6O,316471,13,70.11,0.03626673597514017,C1COC=C1,70934.0
"2-Hexanone, 5-methyl-",11.866,710.0,C7H14O,258464,51,58.08,0.029619287856007752,CC(C)CCC(=O)C,8034.0
"Cyclohexasiloxane, dodecamethyl-",11.9453,842.0,C12H36O6Si6,3108976,609,73.08,0.35628039139462186,C[Si]1(O[Si](O[Si](O[Si](O[Si](O[Si](O1)(C)C)(C)C)(C)C)(C)C)(C)C)C,10911.0
"Butane, 2,2-dimethyl-",11.9649,672.0,C6H14,267144,44,71.11,0.030613992799791597,CCC(C)(C)C,6403.0
"Naphthalene, 1,2-dihydro-4-methyl-",12.0529,773.0,C11H12,179283,46,129.11,0.02054535558023027,CC1=CCCC2=CC=CC=C12,582327.0
"1,4-dihydroxy-p-menth-2-ene",12.0991,726.0,C10H18O2,405836,115,109.1,0.04650772759970735,CC(C)C1(CCC(C=C1)(C)O)O,300085.0
"Furan, 2-ethyl-5-methyl-",12.1087,626.0,C7H10O,413069,109,95.08,0.047336610187079305,CCC1=CC=C(O1)C,74346.0
trans-3(10)-Caren-2-ol,12.1494,755.0,C10H16O,1372567,249,71.09,0.15729253232425788,CC1(C2C1C(C(=C)CC2)O)C,572861.0
"Octane, 3,4,5,6-tetramethyl-",12.2671,750.0,C12H26,146431,12,57.11,0.01678060364322718,CCC(C)C(C)C(C)C(C)CC,526427.0
"2,4-Decadienal",12.2857,878.0,C10H16O,1201821,225,81.07,0.13772549426765465,CCCCCC=CC=CC=O,5283349.0
"Bicyclo[2.2.1]heptan-2-ol, 6-tert-butyl-",12.3596,614.0,C11H20O,505029,141,55.09,0.057874981918687854,CC(C)(C)C1CC2CC1C(C2)O,549167.0
"2-Methyl-5-(propan-2-ylidene)cyclohexane-1,4-diol",12.3686,815.0,C10H18O2,1699585,393,74.07,0.19476792648397043,CC1CC(C(=C(C)C)CC1O)O,91697160.0
Butyl benzoate,12.4425,914.0,C11H14O2,457340,89,105.06,0.05240994919240816,CCCCOC(=O)C1=CC=CC=C1,8698.0
Hex-1-enylbenzene,12.4873,788.0,C12H16,296296,59,117.1,0.033954734564905255,CCCCC=CC1=CC=CC=C1,5370603.0
"Ethanone, 1-(6-methyl-7-oxabicyclo[4.1.0]hept-1-yl)-",12.4967,607.0,C9H14O2,417056,138,97.09,0.047793509796626096,CC(=O)C12CCCCC1(O2)C,539039.0
"2-Furancarboxylic acid, 2-tetrahydrofurylmethyl ester",12.5487,633.0,C10H12O4,335764,40,71.09,0.038477662528184145,C1CC(OC1)COC(=O)C2=CC=CO2,551325.0
"1,2-Cyclohexanediol, 4-methyl-1-(1-methylethyl)-, (1a,2a,4a)-",12.5489,644.0,C10H20O2,247274,74,99.11,0.02833694357940162,,
"1,3-Diacetin",12.5621,814.0,C7H12O5,177836,46,103.07,0.020379533223818382,CC(=O)OCC(COC(=O)C)O,66924.0
"2-Butenal, 2-methyl-",12.6507,642.0,C5H8O,268135,33,84.05,0.03072755876745171,CC=C(C)C=O,5321950.0
"2,2,4-Trimethyl-1,3-pentanediol diisobutyrate",12.7489,705.0,C16H30O4,1359012,233,71.09,0.1557391653296738,CC(C)C(C(C)(C)COC(=O)C(C)C)OC(=O)C(C)C,23284.0
Dasycarpidol,12.7897,602.0,C17H22N2O,17321,15,105.09,0.0019849405911612846,CCC1C2CCN(C1C3=C(C2O)NC4=CC=CC=C43)C,576461.0
"1,2-Cyclohexanediol, 1-methyl-4-(1-methylethyl)-",12.8601,817.0,C10H20O2,764792,137,71.09,0.08764313172423192,CC(C)C1CCC(C(C1)O)(C)O,36574.0
"2,3,4-Trifluorobenzoic acid, 4-nitrophenyl ester",12.874,752.0,C13H6F3NO4,109143,53,159.16,0.012507497889331797,C1=CC(=CC=C1[N+](=O)[O-])OC(=O)C2=C(C(=C(C=C2)F)F)F,532758.0
"Hydroxylamine, O-decyl-",12.8959,674.0,C10H23NO,461758,36,57.09,0.05291624025711289,CCCCCCCCCCON,34704.0
"Phenylglyoxylic acid, neopentyl ester",12.9675,825.0,C13H16O3,230188,26,105.07,0.026378933364022503,,
"3-Phenyl-1-propanol, acetate",12.9991,717.0,C11H14O2,104328,27,117.11,0.011955711679156775,CC(=O)OCCCC1=CC=CC=C1,31226.0
"Propanoic acid, 2-methyl-, 3-hydroxy-2,2,4-trimethylpentyl ester",13.0469,880.0,C12H24O3,1511811,223,71.09,0.1732495248579258,CC(C)C(C(C)(C)COC(=O)C(C)C)O,6490.0
1-Tetradecene,13.2377,853.0,C14H28,198212,27,55.1,0.022714568700147826,CCCCCCCCCCCCC=C,14260.0
Acenaphthene,13.2475,811.0,C12H10,107777,43,154.12,0.012350957917763972,C1CC2=CC=CC3=C2C1=CC=C3,6734.0
"Propanoic acid, 2-methyl-, 2-phenylethyl ester",13.3208,931.0,C12H16O2,2598506,775,104.09,0.29778188532856903,CC(C)C(=O)OCCC1=CC=CC=C1,7655.0
Tetradecane,13.3408,904.0,C14H30,662114,85,57.11,0.07587650566226908,CCCCCCCCCCCCCC,12389.0
"Acetamide, N-(2-ethoxy-3,6-dihydro-6-methyl-2H-pyran-3-yl)-",13.4262,719.0,C10H17NO3,76545,32,125.13,0.008771853677642199,CCOC1C(C=CC(O1)C)NC(=O)C,558082.0
"2H-Pyran-2-one, 5,6-dihydro-4,6,6-trimethyl-",13.5049,624.0,C8H12O2,427338,182,82.07,0.04897179968510369,CC1=CC(=O)OC(C1)(C)C,247461.0
"3-Hexyne-2,5-diol, 2,5-dimethyl-",13.5793,709.0,C8H14O2,652751,172,109.09,0.07480353073270132,CC(C)(C#CC(C)(C)O)O,8883.0
"Naphthalene, 1,5-dimethyl-",13.5987,683.0,C12H12,80941,39,156.13,0.00927562360078434,CC1=C2C=CC=C(C2=CC=C1)C,11306.0
"Benzaldehyde, 2,4-dihydroxy-6-methyl-",13.794,835.0,C8H8O3,725446,182,151.08,0.08313418463689101,CC1=CC(=CC(=C1C=O)O)O,251690.0
"1-Butanol, 3-methyl-, benzoate",13.9275,715.0,C12H16O2,206986,37,105.06,0.023720045794244537,CC(C)CCOC(=O)C1=CC=CC=C1,7193.0
"Hexane, 3,3-dimethyl-",14.1245,782.0,C8H18,111588,18,57.11,0.01278768839481008,CCCC(C)(C)CC,11233.0
"Cycloheptasiloxane, tetradecamethyl-",14.1741,846.0,C14H42O7Si7,1672267,260,73.08,0.1916373562473014,C[Si]1(O[Si](O[Si](O[Si](O[Si](O[Si](O[Si](O1)(C)C)(C)C)(C)C)(C)C)(C)C)(C)C)C,7874.0
"1,2,7,8-Octanetetrol",14.1836,662.0,C8H18O4,477570,97,55.08,0.054728253456549546,C(CCC(CO)O)CC(CO)O,103699.0
"1-Hexanone, 1-phenyl-",14.2378,898.0,C12H16O,659963,128,105.06,0.07563000677585445,CCCCCC(=O)C1=CC=CC=C1,70337.0
"Cyclohexane, 1,1,3,5-tetramethyl-, cis-",14.3199,758.0,C10H20,188008,16,69.13,0.021545217404483043,CC1CC(CC(C1)(C)C)C,6432486.0
Ethyl (Z)-cinnamate,14.3318,856.0,C11H12O2,190751,53,131.09,0.021859557918399986,CCOC(=O)C=CC1=CC=CC=C1,5284656.0
3-Ethoxyacrylonitrile,14.4566,790.0,C5H7NO,179468,28,97.06,0.020566556088824746,CCOC=CC#N,5324714.0
2-Methyl-6-methyleneoct-7-en-3-one,14.4676,726.0,C10H16O,580859,74,71.09,0.06656489849554602,CC(C)C(=O)CCC(=C)C=C,85845089.0
"3,4-Hexanedione, 2,2,5-trimethyl-",14.4942,649.0,C9H16O2,774483,95,71.09,0.08875369458255096,CC(C)C(=O)C(=O)C(C)(C)C,537264.0
"Cyclohexanecarboxylic acid, 2-phenylethyl ester",14.5313,650.0,C15H20O2,135921,37,104.09,0.015576185560373705,C1CCC(CC1)C(=O)OCCC2=CC=CC=C2,568831.0
"3,5-Diamino-1,2,4-triazole",14.5695,869.0,C2H5N5,203201,14,44.03,0.02328629484813603,C1(=NC(=NN1)N)N,15078.0
"Methylamine, N,N-dimethyl-",14.5778,801.0,C3H9N,160676,28,58.08,0.018413042805001476,CN(C)C,1146.0
"Propanoic acid, 2-methyl-, anhydride",14.6207,704.0,C8H14O3,1834715,290,71.09,0.2102534655454348,CC(C)C(=O)OC(=O)C(C)C,7346.0
"2,2-Dimethyl-3-heptanone",14.629,756.0,C9H18O,294814,30,57.11,0.03378490130146198,CCCCC(=O)C(C)(C)C,140472.0
"Nonanoic acid, 9-oxo-, ethyl ester",14.7026,611.0,C11H20O3,112973,23,55.1,0.012946405715909232,CCOC(=O)CCCCCCCC=O,18915.0
"Propanoic acid, 2-methyl-, anhydride",14.7237,620.0,C8H14O3,106547,16,71.09,0.012210003184946677,CC(C)C(=O)OC(=O)C(C)C,7346.0
"Ethanone, 1-(3-hydroxy-4-methoxyphenyl)-",14.8095,836.0,C9H10O3,268992,136,151.08,0.0308257686910488,CC(=O)C1=CC(=C(C=C1)OC)O,95693.0
"Propanoic acid, 2-methyl-, 3-phenylpropyl ester",14.8254,877.0,C13H18O2,489823,141,118.11,0.05613241470956607,CC(C)C(=O)OCCCC1=CC=CC=C1,7662.0
"Phenol, 3,5-bis(1,1-dimethylethyl)-",14.834,810.0,C14H22O,659145,90,191.19,0.07553626614866375,CC(C)(C)C1=CC(=CC(=C1)O)C(C)(C)C,70825.0
"(1S,2S,4S)-Trihydroxy-p-menthane",14.8789,797.0,C10H20O3,262119,96,71.08,0.03003814114742825,CC(C)C1(CCC(C(C1)O)(C)O)O,5326310.0
"Hexane, 2,4,4-trimethyl-",15.0478,741.0,C9H20,178762,18,57.11,0.02048565036413449,CCC(C)(C)CC(C)C,28024.0
"2(4H)-Benzofuranone, 5,6,7,7a-tetrahydro-4,4,7a-trimethyl-, (R)-",15.2499,813.0,C11H16O2,397434,118,111.07,0.04554488071748709,CC1(CCCC2(C1=CC(=O)O2)C)C,6432173.0
"Ethyl 5-amino-1,3,4-oxadiazole-2-carboxylate",15.2959,638.0,C5H7N3O3,44644,29,157.14,0.005116083814549067,CCOC(=O)C1=NN=C(O1)N,2756523.0
Butanoic acid,15.485,708.0,C4H8O2,208348,35,60.06,0.02387612737643735,CCCC(=O)O,264.0
Toluene,15.5695,773.0,C7H8,166373,19,91.08,0.019065903872367437,CC1=CC=CC=C1,1140.0
"Phenol, 4-pentyl-",15.5867,666.0,C11H16O,113208,24,107.08,0.012973336091691396,CCCCCC1=CC=C(C=C1)O,26975.0
"Propanoic acid, 2-methyl-, anhydride",15.736,805.0,C8H14O3,886582,159,71.09,0.10159994222001928,CC(C)C(=O)OC(=O)C(C)C,7346.0
"Nonanoic acid, 2-oxo-, methyl ester",15.7562,609.0,C10H18O3,206774,35,57.11,0.02369575115736871,CCCCCCCC(=O)C(=O)OC,545673.0
Diethyl Phthalate,15.808,886.0,C12H14O4,798065,308,149.06,0.09145612914295541,CCOC(=O)C1=CC=CC=C1C(=O)OCC,6781.0
"Dodecane, 2,7,10-trimethyl-",15.8437,812.0,C15H32,456185,57,57.11,0.05227758926037242,CCC(C)CCC(C)CCCCC(C)C,93447.0
"1-(1,3-Dimethyl-1H-pyrazol-4-yl)ethanone",15.8764,798.0,C7H10N2O,175829,63,123.11,0.020149536354904306,CC1=NN(C=C1C(=O)C)C,843977.0
Hexadecanal,16.016,792.0,C16H32O,220156,34,57.11,0.025229292811483388,CCCCCCCCCCCCCCCC=O,984.0
"Hexasiloxane, tetradecamethyl-",16.1434,693.0,C14H42O5Si6,1039741,158,73.08,0.11915155679202269,C[Si](C)(C)O[Si](C)(C)O[Si](C)(C)O[Si](C)(C)O[Si](C)(C)O[Si](C)(C)C,7875.0
"Cyclohexanol, 2-methyl-, acetate, cis-",16.1799,722.0,C9H16O2,120049,18,81.11,0.01375729652031182,CC1CCCCC1OC(=O)C,11228928.0
4-Vinylbenzoic acid,16.3084,764.0,C9H8O2,73434,30,148.1,0.00841534134122382,C=CC1=CC=C(C=C1)C(=O)O,14098.0
2-Imidazolidinone,16.3383,719.0,C3H6N2O,63106,16,86.07,0.00723177997493355,C1CNC(=O)N1,8453.0
Trifluoromethyldifluorophosphine,16.3433,767.0,CF5P,493447,51,69.07,0.0565477154833302,C(F)(F)(F)P(F)F,549477.0
"3,5-Diamino-1,2,4-triazole",16.3493,714.0,C2H5N5,78204,37,99.01,0.008961970670929917,C1(=NC(=NN1)N)N,15078.0
"Cyclopentaneacetic acid, 3-oxo-2-pentyl-, methyl ester",16.4925,630.0,C13H22O3,255561,58,83.08,0.02928661176709018,CCCCCC1C(CCC1=O)CC(=O)OC,102861.0
"1,2,5-Trimethylpyrrole",16.5531,782.0,C7H11N,323058,102,108.09,0.0370215886784471,CC1=CC=C(N1C)C,70260.0
"Cyclohexane, ethenyl-",16.6694,736.0,C8H14,200745,15,67.09,0.023004843771876452,C=CC1CCCCC1,12757.0
"Nonane, 2,8-dimethyl-4-methylene-",16.754,676.0,C12H24,138629,21,83.12,0.015886515167259266,CC(C)CCCC(=C)CC(C)C,544668.0
"Cyclohexene, 1,5,5-trimethyl-6-(2-propenylidene)-",16.8408,617.0,C12H18,324266,39,45.07,0.03716002226970182,CC1=CCCC(C1=CC=C)(C)C,5372935.0
"2,3-Dihydro-1,3-dimethyl(1H)cyclopenta[b]quinoxaline",16.8683,694.0,C13H14N2,81660,32,183.17,0.009358019090943392,CC1CC(C2=NC3=CC=CC=C3N=C12)C,603342.0
2-Heptanone,16.9816,719.0,C7H14O,378413,87,58.08,0.04336512464194418,CCCCCC(=O)C,8051.0
"Dodecane, 2,6,10-trimethyl-",17.0274,764.0,C15H32,583941,36,57.11,0.06691808750899554,CCC(C)CCCC(C)CCCC(C)C,19773.0
Pentadecanal-,17.1803,924.0,C15H30O,920794,151,57.1,0.10552054654452768,CCCCCCCCCCCCCCC=O,17697.0
"2-Cyclohexen-1-one, 4-(3-hydroxybutyl)-3,5,5-trimethyl-",17.2306,608.0,C13H22O2,98813,29,95.09,0.011323707328354022,CC1=CC(=O)CC(C1CCC(C)O)(C)C,118284.0
2-Benzylidene-coumaran-3-one,17.2727,764.0,C15H10O2,35716,27,221.18,0.004092958729514256,C1=CC=C(C=C1)C=C2C(=O)C3=CC=CC=C3O2,6537099.0
"Cyclopropane, 1-methyl-2-(3-methylpentyl)-",17.296,688.0,C10H20,120182,15,56.1,0.01377253796703109,CCC(C)CCC1CC1C,524648.0
4-(2-Acetoxyethyl)phenyl acetate,17.3553,794.0,C12H14O4,370916,82,120.09,0.0425059883558212,CC(=O)OCCC1=CC=C(C=C1)OC(=O)C,11195402.0
"4-Methyl-2,4'-bithiazol-2'-amine",17.366,603.0,C7H7N3S2,74601,23,197.18,0.008549076441384619,CC1=CSC(=N1)C2=CSC(=N2)N,607499.0
"Adipic acid, butyl 3-hexyl ester",17.6949,663.0,C16H30O4,156051,25,111.08,0.017883030090139692,CCCCOC(=O)CCCCC(=O)OC(CC)CCC,91713848.0
n-Decanoic acid,17.7414,640.0,C10H20O2,521647,149,60.06,0.059779360577190147,CCCCCCCCCC(=O)O,2969.0
"3,5-di-tert-Butyl-4-hydroxybenzaldehyde",17.7716,602.0,C15H22O2,81800,47,219.2,0.009374062719068937,CC(C)(C)C1=CC(=CC(=C1O)C(C)(C)C)C=O,73219.0
Guanidine,17.8066,653.0,CH5N3,144138,25,59.09,0.016517831933999493,C(=N)(N)N,3520.0
"Heptasiloxane, hexadecamethyl-",17.8351,710.0,C16H48O6Si7,941762,116,73.08,0.10792342364835943,C[Si](C)(C)O[Si](C)(C)O[Si](C)(C)O[Si](C)(C)O[Si](C)(C)O[Si](C)(C)O[Si](C)(C)C,10912.0
"Thiazolo[5,4-f]quinoline, 9-methyl-",17.9228,617.0,C11H8N2S,458944,42,71.12,0.05259376333178942,CC1=C2C(=NC=C1)C=CC3=C2SC=N3,608274.0
"Ethaneperoxoic acid, 1-cyano-1-phenylpentyl ester",17.933,607.0,C14H17NO3,160953,29,105.06,0.018444786269221303,CCCCC(C#N)(C1=CC=CC=C1)OOC(=O)C,570711.0
13-Tetradece-11-yn-1-ol,17.9777,767.0,C14H24O,344295,45,67.09,0.039455292467748655,C=CC#CCCCCCCCCCCO,543337.0
"a-D-Glucopyranoside, methyl 2,3,4,6-tetra-O-methyl-",17.999,643.0,C11H22O6,102980,23,88.08,0.011801234459776518,,
10-Undecenal,18.0507,798.0,C11H20O,568537,43,55.1,0.06515283002581047,C=CCCCCCCCCC=O,8187.0
"Sulfurous acid, 2-ethylhexyl hexyl ester",18.0799,735.0,C14H30O3S,279148,23,57.11,0.031989619314213395,CCCCCCOS(=O)OCC(CC)CCCC,6420784.0
2-Butyl methylphosphonofluoridate,18.0926,624.0,C5H12FO2P,24627,10,99.02,0.0028221887846272705,CCC(C)OP(=O)(C)F,520723.0
"Furan, 2-(dichloromethyl)-tetrahydro-",18.1522,673.0,C5H8Cl2O,115697,16,71.12,0.013258568880294853,C1CC(OC1)C(Cl)Cl,551259.0
"Salicylic acid, tert.-butyl ester",18.2148,719.0,C11H14O3,40092,11,120.04,0.004594436705781318,CC(C)(C)OC(=O)C1=CC=CC=C1O,11424104.0
Phenanthrene,18.2266,769.0,C14H10,127756,38,178.13,0.01464049824862312,C1=CC=C2C(=C1)C=CC3=CC=CC=C32,995.0
"2-Cyclohexen-1-one, 4-hydroxy-3,5,6-trimethyl-4-(3-oxo-1-butenyl)-",18.2489,790.0,C13H18O3,718636,277,124.09,0.08235377672592696,CC1C(C(C(=CC1=O)C)(C=CC(=O)C)O)C,5371378.0
Pentadecanal-,18.2757,808.0,C15H30O,314163,43,57.11,0.03600224530575617,CCCCCCCCCCCCCCC=O,17697.0
"Benzene, 1,1'-[1,2-ethanediylbis(oxy)]bis-",18.2863,737.0,C14H14O2,400570,47,77.07,0.045904257987499315,C1=CC=C(C=C1)OCCOC2=CC=CC=C2,7713.0
"1,3-Dioxolane, 4-[[(2-methoxy-4-octadecenyl)oxy]methyl]-2,2-dimethyl-",18.3844,636.0,C25H48O4,75117,20,71.12,0.008608208670761631,CCCCCCCCCCCCCC=CCC(COCC1COC(O1)(C)C)OC,5366247.0
Neophytadiene,18.4499,906.0,C20H38,597594,130,68.1,0.06848268504326752,CC(C)CCCC(C)CCCC(C)CCCC(=C)C=C,10446.0
"2-Pentadecanone, 6,10,14-trimethyl-",18.5054,774.0,C18H36O,574179,109,58.08,0.06579938823926998,CC(C)CCCC(C)CCCC(C)CCCC(=O)C,10408.0
"1,2-Benzenedicarboxylic acid, bis(2-methylpropyl) ester",18.725,897.0,C16H22O4,4519716,1104,149.06,0.5179474481219973,CC(C)COC(=O)C1=CC=CC=C1C(=O)OCC(C)C,6782.0
Hexanoic acid,18.7297,621.0,C6H12O2,305353,44,60.06,0.03499264270728432,CCCCCC(=O)O,8892.0
"Heptane, 2,2,3,3,5,6,6-heptamethyl-",18.767,711.0,C14H30,440937,54,57.11,0.05053020896281296,CC(CC(C)(C)C(C)(C)C)C(C)(C)C,23652.0
"3,7,11,15-Tetramethyl-2-hexadecen-1-ol",18.8425,832.0,C20H40O,534776,59,82.11,0.06128390910333509,CC(C)CCCC(C)CCCC(C)CCCC(=CCO)C,5366244.0
"Cyclooctane, methyl-",18.8803,831.0,C9H18,536946,21,55.1,0.061532585339281055,CC1CCCCCCC1,15167.0
1-Undecyne,18.9547,719.0,C11H20,310317,40,67.09,0.03556150392167868,CCCCCCCCCC#C,75249.0
10-Undecenal,19.009,846.0,C11H20O,429669,36,55.1,0.049238926093394024,C=CCCCCCCCCC=O,8187.0
"Decane, 2,5,9-trimethyl-",19.0242,737.0,C13H28,266207,15,57.1,0.030506615088694188,CC(C)CCCC(C)CCC(C)C,522020.0
2-Pentadecanone,19.0469,653.0,C15H30O,564954,97,58.09,0.06474222774314026,CCCCCCCCCCCCCC(=O)C,61303.0
"Phthalic acid, 6-ethyl-3-octyl butyl ester",19.1394,823.0,C22H34O4,275351,61,149.06,0.03155449319997984,CCCCOC(=O)C1=CC=CC=C1C(=O)OC(CC)CCC(CC)CC,6423866.0
"(E,E)-7,11,15-Trimethyl-3-methylene-hexadeca-1,6,10,14-tetraene",19.1462,862.0,C20H32,1552315,139,69.11,0.1778911756693337,CC(=CCCC(=CCCC(=CCCC(=C)C=C)C)C)C,5365895.0
"7,9-Di-tert-butyl-1-oxaspiro(4,5)deca-6,9-diene-2,8-dione",19.1704,744.0,C17H24O3,824554,68,57.11,0.09449169818165243,CC(C)(C)C1=CC2(CCC(=O)O2)C=C(C1=O)C(C)(C)C,545303.0
"Sulfurous acid, butyl heptadecyl ester",19.2,793.0,C21H44O3S,2242508,97,57.11,0.2569854601468685,CCCCCCCCCCCCCCCCCOS(=O)OCCCC,6420807.0
"Heptasiloxane, hexadecamethyl-",19.2038,643.0,C16H48O6Si7,765590,85,73.08,0.08773458040454754,C[Si](C)(C)O[Si](C)(C)O[Si](C)(C)O[Si](C)(C)O[Si](C)(C)O[Si](C)(C)O[Si](C)(C)C,10912.0
"Hexadecanoic acid, methyl ester",19.2278,791.0,C17H34O2,971088,175,74.07,0.11128410535128626,CCCCCCCCCCCCCCCC(=O)OC,8181.0
"Undecane, 3,8-dimethyl-",19.3207,748.0,C13H28,3105315,77,57.11,0.35586085051913885,CCCC(C)CCCCC(C)CC,86540.0
1H-Tetrazol-5-amine,19.3633,829.0,CH3N5,562352,18,57.11,0.06444404545469261,C1(=NNN=N1)N,20467.0
"Pentanoic acid, 10-undecenyl ester",19.4242,763.0,C16H30O2,1252417,64,55.1,0.14352366147222692,CCCCC(=O)OCCCCCCCCCC=C,543363.0
Diphenyl sulfone,19.4978,769.0,C12H10O2S,320910,72,125.04,0.03677543358406373,C1=CC=C(C=C1)S(=O)(=O)C2=CC=CC=C2,31386.0
"1,4-Dibutyl benzene-1,4-dicarboxylate",19.5203,946.0,C16H22O4,9292473,1333,149.06,1.064892722704825,CCCCOC(=O)C1=CC=C(C=C1)C(=O)OCCCC,16066.0
n-Hexadecanoic acid,19.5785,936.0,C16H32O2,66143224,3776,73.07,7.579837777719142,CCCCCCCCCCCCCCCC(=O)O,985.0
Diamyl phthalate,19.6514,625.0,C18H26O4,96817,27,149.06,0.011094971030221239,CCCCCOC(=O)C1=CC=CC=C1C(=O)OCCCCC,8561.0
Nonanamide,19.6744,790.0,C9H19NO,2045348,200,59.08,0.2343914478523498,CCCCCCCCC(=O)N,70709.0
"Hexadecanoic acid, ethyl ester",19.7478,911.0,C18H36O2,48163257,4303,88.08,5.519381318736382,CCCCCCCCCCCCCCCC(=O)OCC,12366.0
"Tridecane, 6-methyl-",19.8067,627.0,C14H30,243611,19,57.11,0.02791717350923109,CCCCCCCC(C)CCCCC,25835.0
"Sulfurous acid, 2-propyl undecyl ester",20.0215,748.0,C14H30O3S,1471199,82,57.11,0.16859549753339245,CCCCCCCCCCCOS(=O)OC(C)C,6420353.0
"2,4,6-Tris(1,1-dimethylethyl)-4-methylcyclohexa-2,5-dien-1-one",20.0516,636.0,C19H32O,347301,142,205.14,0.03979977208307287,CC1(C=C(C(=O)C(=C1)C(C)(C)C)C(C)(C)C)C(C)(C)C,609653.0
"Dodecane, 1-iodo-",20.1309,721.0,C12H25I,2760601,57,57.11,0.3163575417643573,CCCCCCCCCCCCI,20282.0
"4,4'-(1,2-diethylethylene)diphenol",20.2055,671.0,C18H22O2,252441,35,135.15,0.028929068054578014,CCC(C1=CC=C(C=C1)O)C(CC)C2=CC=C(C=C2)O,192197.0
Hexaborane,20.2747,742.0,B6H10,403386,48,59.08,0.0462269641075103,,
"Hexasiloxane, tetradecamethyl-",20.3055,608.0,C14H42O5Si6,660872,74,73.08,0.07573417576132674,C[Si](C)(C)O[Si](C)(C)O[Si](C)(C)O[Si](C)(C)O[Si](C)(C)O[Si](C)(C)C,7875.0
Nonanoic acid,20.3844,676.0,C9H18O2,1049038,87,73.07,0.12021696829690269,CCCCCCCCC(=O)O,8158.0
"Butane, 2,2-dimethyl-",20.4315,742.0,C6H14,291857,11,57.11,0.0334460369559817,CCC(C)(C)C,6403.0
Isothiazole,20.4952,713.0,C3H3NS,262614,20,85.06,0.03009486683258643,C1=CSN=C1,67515.0
1-Undecanol,20.5229,744.0,C11H24O,508827,12,69.11,0.05831022263026517,CCCCCCCCCCCO,8184.0
"Heptadecanoic acid, ethyl ester",20.5636,687.0,C19H38O2,1094235,206,88.08,0.12539642444254767,CCCCCCCCCCCCCCCCC(=O)OCC,26397.0
1-Tridecyne,20.5889,770.0,C13H24,496513,31,67.1,0.05689907093927965,CCCCCCCCCCCC#C,117754.0
"9-Octadecenoic acid (Z)-, methyl ester",20.6428,769.0,C19H36O2,1556536,53,55.1,0.17837489105731894,CCCCCCCCC=CCCCCCCCC(=O)OC,5364509.0
"Octa-3,5-diene-2,7-dione, 4,5-dihydroxy-",20.6609,713.0,C8H10O4,581703,35,85.06,0.0666616186536743,CC(=O)C=C(C(=CC(=O)C)O)O,5367917.0
tert-Butyl N-(tert-butoxy)carbamate,20.6858,816.0,C9H19NO3,330689,13,57.11,0.037896081008633106,,
Phytol,20.7475,919.0,C20H40O,3881671,236,71.09,0.44482918592654086,CC(C)CCCC(C)CCCC(C)CCCC(=CCO)C,5280435.0
"Sulfurous acid, 2-ethylhexyl hexyl ester",20.8843,709.0,C14H30O3S,1964874,40,57.11,0.22516934121109855,CCCCCCOS(=O)OCC(CC)CCCC,6420784.0
Dimethoxymethyl-hydroxy-triphenyl phosphide,20.9241,802.0,C21H23O3P,267097,49,277.15,0.03060860672463516,COC(OC)P(C1=CC=CC=C1)(C2=CC=CC=C2)(C3=CC=CC=C3)O,624086.0
"4-(2-Hydroxyethyl)piperazin-2-one, acetate",20.9789,685.0,C8H14N2O3,199144,15,113.16,0.02282137342452646,,
"Hexadecanoic acid, 2-methylpropyl ester",21.0274,883.0,C20H40O2,8207568,653,57.11,0.9405654914795013,CCCCCCCCCCCCCCCC(=O)OCC(C)C,66967.0
"9,12-Octadecadienoic acid (Z,Z)-",21.0849,808.0,C18H32O2,36665182,665,67.1,4.20173246545327,CCCCCC=CCC=CCCCCCCCC(=O)O,5280450.0
trans-13-Octadecenoic acid,21.1248,906.0,C18H34O2,140016507,1056,55.1,16.045519783899202,CCCCC=CCCCCCCCCCCCC(=O)O,6161490.0
"2-Fluorobenzylamine, N,N-dinonyl",21.1873,673.0,C25H44FN,1114254,38,264.3,0.12769054866715696,CCCCCCCCCN(CCCCCCCCC)CC1=CC=CC=C1F,6425989.0
"9,12-Octadecadienoic acid, ethyl ester",21.1979,915.0,C20H36O2,46475082,730,67.09,5.325920947944644,CCCCCC=CCC=CCCCCCCCC(=O)OCC,5365672.0
(E)-9-Octadecenoic acid ethyl ester,21.2532,899.0,C20H38O2,35709594,1596,55.1,4.092224618930169,CCCCCCCCC=CCCCCCCCC(=O)OCC,5364430.0
"1-Methyltricyclo[2.2.1.0(2,6)]heptane",21.2598,637.0,C8H12,13642085,216,79.09,1.5633467042649092,CC12CC3CC1C2C3,564664.0
"Dibenzo[def,mno]chrysene-6,12-dione",21.2658,601.0,C22H10O2,295950,97,306.32,0.03391508388396641,C1=CC2=C3C(=C1)C(=O)C4=C5C3=C(C=C2)C(=O)C6=CC=CC(=C65)C=C4,94183.0
Oleic Acid,21.3161,825.0,C18H34O2,8192456,458,55.1,0.9388336964206924,CCCCCCCCC=CCCCCCCCC(=O)O,445639.0
Nonanamide,21.3484,605.0,C9H19NO,3588087,274,59.08,0.4111852393578962,CCCCCCCCC(=O)N,70709.0
"Octadecanoic acid, ethyl ester",21.5006,860.0,C20H40O2,6449862,837,88.08,0.7391370527792105,CCCCCCCCCCCCCCCCCC(=O)OCC,8122.0
Nonanamide,21.5149,804.0,C9H19NO,9251887,814,59.08,1.0602416749112293,CCCCCCCCC(=O)N,70709.0
"Heptasiloxane, hexadecamethyl-",21.5501,642.0,C16H48O6Si7,711280,62,73.08,0.08151079866527328,C[Si](C)(C)O[Si](C)(C)O[Si](C)(C)O[Si](C)(C)O[Si](C)(C)O[Si](C)(C)O[Si](C)(C)C,10912.0
"Hexane, 3,3-dimethyl-",21.5691,825.0,C8H18,2456921,46,57.11,0.28155662041317325,CCCC(C)(C)CC,11233.0
"4H-1,3-Dioxin-4-one, 2-(1,1-dimethylethyl)-6-methyl-, (R)-",21.8927,610.0,C9H14O3,287747,12,85.13,0.03297504187315317,CC1=CC(=O)OC(O1)C(C)(C)C,13617605.0
"2,2,4,5-Tetramethyl-5-hexen-3-one",21.9402,695.0,C10H18O,803094,29,57.11,0.09203243918469377,CC(C(=C)C)C(=O)C(C)(C)C,11815964.0
"Pentane, 2,2-dimethyl-",22.0483,631.0,C7H16,1982133,38,57.11,0.22714717676694707,CCCC(C)(C)C,11542.0
3-Methylbutyl hexadecanoate,22.0556,813.0,C21H42O2,10551294,434,70.11,1.2091502655664519,CCCCCCCCCCCCCCCC(=O)OCCC(C)C,3019031.0
3-Methylbutyl hexadecanoate,22.0913,656.0,C21H42O2,2642354,70,70.13,0.30280674965749005,CCCCCCCCCCCCCCCC(=O)OCCC(C)C,3019031.0
"1,1,1-Trifluoroheptadecen-2-one",22.1351,692.0,C17H31F3O,1079291,87,57.11,0.1236838817374894,,
Citronellol epoxide (R or S),22.3252,668.0,C10H20O2,882327,89,59.08,0.10111233052234644,CC(CCC1C(O1)(C)C)CCO,98467.0
"Decane, 1-iodo-",22.467,771.0,C10H21I,5260521,65,57.11,0.6028417333616045,CCCCCCCCCCI,16314.0
"thiazolo[5,4-d]thiazole, 2,5-di-2-pyridinyl-",22.6271,660.0,C14H8N4S2,192963,11,88.08,0.022113047242783613,C1=CC=NC(=C1)C2=NC3=C(S2)N=C(S3)C4=CC=CC=N4,234448.0
"3,4-Hexanedione, 2,2,5,5-tetramethyl-, monooxime",22.7074,695.0,C10H19NO2,3397700,67,57.11,0.3893673948726226,CC(C)(C)C(=NO)C(=O)C(C)(C)C,9601652.0
2-Bromo dodecane,22.7115,618.0,C12H25Br,2017517,96,71.12,0.23120208917833504,CCCCCCCCCCC(C)Br,98299.0
Isopropyl linoleate,22.8881,869.0,C21H38O2,7933674,282,57.11,0.9091779666093709,CCCCCC=CCC=CCCCCCCCC(=O)OC(C)C,5352860.0
"trans-9-Octadecenoic acid, pentyl ester",22.9577,844.0,C23H44O2,19750812,517,57.11,2.2633905921826334,CCCCCCCCC=CCCCCCCCC(=O)OCCCCC,5462694.0
"Bicyclo[2.2.1]hept-2-ene, 2,7,7-trimethyl-",22.9776,655.0,C10H16,1146258,57,93.1,0.13135812205665676,CC1=CC2CCC1C2(C)C,564720.0
"Cyclopentene, 3-methyl-",23.1123,788.0,C6H10,475397,26,67.09,0.054479233428572325,CC1CCC=C1,14263.0
"Heptane, 4-ethyl-2,2,6,6-tetramethyl-",23.3056,664.0,C13H28,2691156,32,57.11,0.3083993292273678,CCC(CC(C)(C)C)CC(C)(C)C,43925.0
"Nonane, 1-iodo-",23.4288,751.0,C9H19I,8526566,23,57.12,0.9771218149423077,CCCCCCCCCI,20275.0
"Acetamide, N-[(dimethylamino)methylidene]-",23.4718,807.0,C5H10N2O,813656,50,99.07,0.09324281632942244,CC(=O)N=CN(C)C,567145.0
"9-Octadecenamide, (Z)-",23.796,906.0,C18H35NO,40821810,1360,59.08,4.678070993226351,CCCCCCCCC=CCCCCCCCC(=O)N,5283387.0
"13-Docosenamide, (Z)-",23.8815,651.0,C22H43NO,5768849,115,59.08,0.6610947719173365,CCCCCCCCC=CCCCCCCCCCCCC(=O)N,5365371.0
3-Amino-s-triazole,23.9616,627.0,C2H4N4,891609,12,57.11,0.10217602306707013,C1=NNC(=N1)N,1639.0
"a-D-Glucopyranoside, methyl 2,3,4,6-tetra-O-methyl-",24.0437,607.0,C11H22O6,517919,48,88.08,0.05935214167967561,,
1-Iodo-2-methylundecane,24.1481,676.0,C12H25I,2389278,201,59.08,0.2738049122896283,CCCCCCCCCC(C)CI,545590.0
"Succinic acid, 1,1,1-trifluoroprop-2-yl 2,4-dimethylpent-3-yl ester",24.2222,650.0,C14H23F3O4,113577,66,57.11,0.013015622511536587,CC(C)C(C(C)C)OC(=O)CCC(=O)OC(C)C(F)(F)F,91732389.0
